<?xml version="1.0" encoding="UTF-8"?>
<addon id="repository.sportsnationhd" name="SportsNationHD" version="0.1.0" provider-name="JingWang">
    <extension point="xbmc.addon.repository" name="SportsNationHD">
        <info compressed="false">
          https://github.com/sportsnationhd/sportsnationhdtv/master/addons.xml
        </info>
        <checksum>
          https://github.com/sportsnationhd/sportsnationhdtv/master/addons.xml.md5
        </checksum>
        <datadir zip="true">https://github.com/sportsnationhd/sportsnationhdtv/master/</datadir>
        <dir>
          <info compressed="false">http://sportsmaniarepo.byethost13.com/repo/addons.xml</info>
          <checksum>
            http://sportsmaniarepo.byethost13.com/repo/addons.xml.md5
          </checksum>
          <datadir zip="true">http://sportsmaniarepo.byethost13.com/repo/</datadir>
        </dir>
    </extension>
    <extension point="xbmc.addon.metadata">
        <summary>A short summary of this addon</summary>
        <description>The description can be longer. Using [CR] you can create a newline. The use of other markup is not advised.</description>
        <platform>all</platform>
    </extension>
</addon>